{"cameraMode":{"drawMode":0,"name":"Shaded","section":"Shading Mode"},"sceneLighting":false,"audioPlay":false,"sceneViewState":{"showFog":true,"showMaterialUpdate":false,"showSkybox":true,"showFlares":true,"showImageEffects":true,"showParticleSystems":true},"in2DMode":false,"pivot":{"x":-0.0018496513366699219,"y":0.18608026206493379,"z":0.07627172768115998},"rotation":{"x":-0.07989896833896637,"y":0.4324425756931305,"z":-0.03850330039858818,"w":-0.8972887396812439},"size":0.6639677286148071,"orthographic":false}